timestep,fps,ep_len_min,ep_len_mean,ep_len_max,ep_len_std,return_min,return_mean,return_max,return_std,disc_return_mean,total_loss,value_loss,actor_loss,entropy,prob_fail,prob_success,ent_coef
32768,466.2166414034053,1.0,166.12708,200.0,61.484943,-1.9999981,-0.4146402,1.99,0.99034894,-0.1345183,-0.07205481,0.020323193,-0.0021231147,1.6018659,0.8674033,0.13259669,0.05
65536,1213.0535036484953,1.0,168.60107,200.0,61.812138,-1.9999981,-0.44710842,1.99,1.004616,-0.13971165,-0.078059584,0.0056616245,-0.0006800794,1.6042063,0.88005394,0.11994609,0.05
98304,1210.9006866830086,1.0,167.81305,200.0,62.870186,-1.9999981,-0.4672039,1.99,1.0197928,-0.14622393,-0.078278355,0.005633459,-0.0013002543,1.5958967,0.8796296,0.12037037,0.05
131072,1212.670222771528,1.0,166.1621,200.0,64.53957,-1.9999981,-0.45442086,1.99,1.0166898,-0.14303443,-0.07885469,0.005263749,-0.0014795379,1.6001406,0.8787582,0.12124183,0.05
163840,1213.3180562620325,1.0,164.8039,200.0,65.55099,-1.9999981,-0.4537698,1.99,1.0189657,-0.14188102,-0.078708865,0.005416128,-0.0015775529,1.5967877,0.87756675,0.12243327,0.05
196608,1208.0889720704563,1.0,166.00343,200.0,64.202065,-1.9999981,-0.4527157,1.99,1.0124098,-0.14395596,-0.0796377,0.0047098827,-0.0021695246,1.5964621,0.8819623,0.1180377,0.05
229376,1190.0565676188423,1.0,166.0536,200.0,64.295334,-1.9999981,-0.44914025,1.99,1.0097854,-0.14037342,-0.07979052,0.004964661,-0.002386495,1.5977272,0.8821586,0.11784141,0.05
262144,1205.0445198863627,1.0,165.57097,200.0,64.50371,-1.9999981,-0.45225474,1.99,1.0100114,-0.14031021,-0.08053334,0.005032768,-0.0032839011,1.5953163,0.88235295,0.11764706,0.05
294912,1202.996715927003,1.0,166.29988,200.0,63.855373,-1.9999981,-0.44720423,1.99,1.0089995,-0.13774261,-0.08013429,0.0056842626,-0.003437554,1.5907773,0.8785633,0.121436715,0.05
327680,1181.2880914656055,1.0,165.23856,200.0,64.49167,-1.9999981,-0.4373632,1.99,1.0133827,-0.13065875,-0.07978724,0.0060499655,-0.0033796276,1.5886517,0.87474567,0.12525432,0.05
360448,1180.7822435390856,1.0,164.90729,200.0,64.813515,-1.9999981,-0.4426988,1.99,1.0140432,-0.13164228,-0.08113623,0.0044240956,-0.0040747654,1.5854701,0.87580717,0.124192804,0.05
393216,1182.8501284513243,1.0,164.14171,200.0,65.29188,-1.9999981,-0.43351695,1.99,1.0153666,-0.1271589,-0.080202036,0.005705917,-0.00410604,1.5789791,0.87268716,0.12731287,0.05
425984,1173.9084615699724,1.0,163.39058,200.0,65.784256,-1.9999981,-0.4299096,1.99,1.0178013,-0.12554866,-0.08031835,0.005248636,-0.0039737276,1.5793788,0.8704168,0.12958318,0.05
458752,1173.6515130911814,1.0,163.47865,200.0,65.62881,-1.9999981,-0.43133765,1.99,1.0185283,-0.12666792,-0.080651216,0.005311506,-0.0044855983,1.5764272,0.86912453,0.1308755,0.05
491520,1185.874954090569,1.0,163.7619,200.0,65.26459,-1.9999981,-0.43419027,1.99,1.0205367,-0.12749237,-0.080759175,0.0049619507,-0.0046379943,1.5720431,0.86820924,0.13179074,0.05
524288,1170.6978491704472,1.0,163.50752,200.0,65.51123,-1.9999981,-0.4341053,1.99,1.0203274,-0.12622514,-0.08091424,0.0045285714,-0.004576931,1.5720317,0.8679423,0.13205771,0.05
557056,1163.5879887444355,1.0,162.95535,200.0,65.89004,-1.9999981,-0.43187135,1.99,1.018528,-0.12418338,-0.0812225,0.004851888,-0.005298514,1.5669987,0.8682432,0.13175675,0.05
589824,1163.1055594287955,1.0,162.73053,200.0,66.20903,-1.9999981,-0.43409342,1.99,1.0192521,-0.124606766,-0.08149427,0.004447316,-0.0054656556,1.5650454,0.8686582,0.13134183,0.05
622592,1178.6560122578414,1.0,162.48112,200.0,66.41509,-1.9999981,-0.431891,1.99,1.0199721,-0.123208314,-0.080983795,0.0056222836,-0.005542784,1.5650432,0.86674094,0.13325904,0.05
655360,1159.8192699548767,1.0,162.48407,200.0,66.56303,-1.9999981,-0.4299769,1.99,1.0190439,-0.12066491,-0.08157207,0.00492449,-0.005942547,1.5618354,0.86703587,0.13296416,0.05
688128,1160.7038414404324,1.0,162.0487,200.0,66.91007,-1.9999981,-0.425205,1.99,1.0203433,-0.117794074,-0.08118994,0.005546092,-0.005876763,1.5617241,0.86468434,0.13531567,0.05
720896,1158.820818934386,1.0,161.63417,200.0,67.255325,-1.9999981,-0.4224565,1.99,1.0200733,-0.1160589,-0.081748664,0.0053226636,-0.006538977,1.5574203,0.8638001,0.1361999,0.05
753664,1154.426466476528,1.0,161.37508,200.0,67.4768,-1.9999981,-0.4210734,1.99,1.0227009,-0.11484064,-0.08122037,0.005372054,-0.0057672514,1.5627829,0.8622986,0.13770139,0.05
786432,1152.5036728955001,1.0,161.13138,200.0,67.58391,-1.9999981,-0.41914916,1.99,1.0230949,-0.11342414,-0.081184685,0.0054655094,-0.006295944,1.55243,0.86158514,0.13841489,0.05
819200,1143.919240750782,1.0,161.1614,200.0,67.59027,-1.9999981,-0.4195316,1.99,1.0232533,-0.11299694,-0.08188288,0.0043662703,-0.006465644,1.5520073,0.86158246,0.13841753,0.05
851968,1143.1283293335875,1.0,160.88683,200.0,67.7718,-1.9999981,-0.4180685,1.99,1.0257833,-0.111417435,-0.08186112,0.004931235,-0.00690219,1.5484909,0.86047393,0.13952607,0.05
884736,1143.2438322756695,1.0,160.5819,200.0,67.996284,-1.9999981,-0.412891,1.99,1.0263332,-0.107603624,-0.08098543,0.0061212867,-0.0067301984,1.5463172,0.8586719,0.14132811,0.05
917504,1140.9710376027617,1.0,160.35655,200.0,68.19289,-1.9999981,-0.4104941,1.99,1.0276381,-0.10552651,-0.08260102,0.0051272144,-0.007732087,1.5486505,0.8577382,0.1422618,0.05
950272,1139.8184721761509,1.0,160.09193,200.0,68.40049,-1.9999981,-0.40995705,1.99,1.0289116,-0.104536615,-0.08201659,0.005196517,-0.007232279,1.547651,0.85702217,0.14297786,0.05
983040,1134.8110325180414,1.0,159.80585,200.0,68.654045,-1.9999981,-0.40550056,1.99,1.0287087,-0.10141445,-0.08286226,0.004606452,-0.0074729575,1.5538503,0.8560124,0.1439876,0.05
1015808,1120.9649417991777,1.0,159.73233,200.0,68.77374,-1.9999981,-0.40647525,1.99,1.0299349,-0.10096735,-0.08184941,0.004743657,-0.006845613,1.5475125,0.8557571,0.1442429,0.05
1048576,1129.4643723594954,1.0,159.68056,200.0,68.79314,-1.9999981,-0.40429613,1.99,1.0293199,-0.09930952,-0.082776204,0.004967685,-0.007931603,1.5465685,0.8553214,0.14467858,0.05
1081344,1131.4657968802885,1.0,159.19974,200.0,69.12787,-1.9999981,-0.40093264,1.99,1.0303415,-0.09642437,-0.08241358,0.0057529556,-0.0079480335,1.54684,0.85400057,0.14599942,0.05
1114112,1125.2443087576653,1.0,158.87584,200.0,69.39006,-1.9999981,-0.39675617,1.99,1.0305629,-0.093552016,-0.08269277,0.005503113,-0.008380231,1.5412819,0.85281074,0.14718924,0.05
1146880,1124.5631798666834,1.0,158.86319,200.0,69.38779,-1.9999981,-0.39381388,1.99,1.0294182,-0.09203809,-0.0818665,0.0048846095,-0.007641708,1.5333419,0.8521875,0.1478125,0.05
1179648,1107.6288458985289,1.0,158.677,200.0,69.60695,-1.9999981,-0.3940593,1.99,1.0300004,-0.09140245,-0.083219066,0.0042518447,-0.0085654,1.5355915,0.85202295,0.14797707,0.05
1212416,1107.4324007003918,1.0,158.58072,200.0,69.65854,-1.9999981,-0.39197436,1.99,1.0305023,-0.08966003,-0.08363944,0.004471384,-0.008809936,1.5413039,0.85095084,0.14904918,0.05
1245184,1116.7850947187883,1.0,157.97813,200.0,69.98709,-1.9999981,-0.38676247,1.99,1.0334166,-0.086555466,-0.081642196,0.006349943,-0.00829807,1.5303817,0.8479339,0.15206611,0.05
1277952,1110.5229155772984,1.0,157.59244,200.0,70.20795,-1.9999981,-0.38294882,1.99,1.0350815,-0.083203,-0.08294515,0.0061042905,-0.0093438355,1.5330693,0.84602076,0.15397924,0.05
1310720,1109.9632100764882,1.0,157.28198,200.0,70.39664,-1.9999981,-0.37935382,1.99,1.0365416,-0.07995257,-0.08370777,0.005283295,-0.009701406,1.5329604,0.84432983,0.15567017,0.05
1343488,1108.3625768364861,1.0,156.81311,200.0,70.65863,-1.9999981,-0.3754015,1.99,1.0371879,-0.07678714,-0.0839222,0.004944313,-0.01000374,1.5278122,0.842926,0.15707397,0.05
1376256,1111.1607077322958,1.0,156.07532,200.0,71.13354,-1.9999981,-0.3676281,1.99,1.038424,-0.07151849,-0.08260726,0.005797852,-0.009023047,1.5296628,0.83950806,0.16049194,0.05
1409024,1091.8849598279562,1.0,155.59473,200.0,71.35657,-1.9999981,-0.36340076,1.99,1.0404261,-0.067815475,-0.08401224,0.0056805033,-0.0103201475,1.5306466,0.8366089,0.16339111,0.05
1441792,1093.8876102786232,1.0,154.76501,200.0,71.870895,-1.9999981,-0.35472798,1.99,1.0433214,-0.06156967,-0.08409753,0.005800918,-0.010802904,1.5239015,0.8322754,0.16772461,0.05
1474560,1096.0563845555228,1.0,154.2323,200.0,72.147316,-1.9999981,-0.34992757,1.99,1.0452458,-0.057776637,-0.083969146,0.00544526,-0.01063093,1.521217,0.82977295,0.17022705,0.05
1507328,1091.645631084001,1.0,153.48523,200.0,72.53893,-1.9999981,-0.3411446,1.99,1.0479833,-0.05191138,-0.083372995,0.0056405975,-0.010230625,1.5192531,0.8257446,0.17425537,0.05
1540096,1090.294617253658,1.0,152.69641,200.0,72.95248,-1.9999981,-0.3354076,1.99,1.0511156,-0.04759089,-0.08413931,0.005383468,-0.0109347515,1.5179259,0.8222656,0.17773438,0.05
1572864,1090.2857172594083,1.0,151.9884,200.0,73.41615,-1.9999981,-0.32975668,1.99,1.0526338,-0.04329177,-0.08424921,0.0053894445,-0.011122779,1.5164231,0.8199463,0.18005371,0.05
1605632,1095.6208677155355,1.0,151.42578,200.0,73.72842,-1.9999981,-0.32312825,1.99,1.0527982,-0.038557593,-0.08486709,0.0047830353,-0.011246951,1.5202329,0.81741333,0.18258667,0.05
1638400,1108.0067063293736,1.0,151.0177,200.0,73.922935,-1.9999981,-0.31990924,1.99,1.054368,-0.035589308,-0.08523589,0.0055007776,-0.012181229,1.5161011,0.81585693,0.18414307,0.05
1671168,1112.5238130962598,1.0,150.72668,200.0,74.07885,-1.9999981,-0.31588155,1.99,1.0558244,-0.031973124,-0.08570518,0.0051669213,-0.012479525,1.5161827,0.8140564,0.1859436,0.05
1703936,1104.921820011753,1.0,149.96936,200.0,74.47905,-1.9999981,-0.3072872,1.99,1.0565063,-0.026726047,-0.08574788,0.0050568,-0.01306852,1.5041553,0.8112793,0.1887207,0.05
1736704,1110.6601859345292,1.0,149.43884,200.0,74.732285,-1.9999981,-0.3014907,1.99,1.0573449,-0.022780083,-0.08594062,0.0049660783,-0.012965009,1.5091734,0.80914307,0.19085693,0.05
1769472,1103.5166782392007,1.0,149.03223,200.0,74.88289,-1.9999981,-0.2967525,1.99,1.0591267,-0.019083656,-0.086485825,0.005388394,-0.013463978,1.5143205,0.8066101,0.1933899,0.05
1802240,1103.461950938796,1.0,148.79358,200.0,74.94596,-1.9999981,-0.2924273,1.99,1.0598345,-0.016013633,-0.08663505,0.004533798,-0.013307789,1.5118837,0.804718,0.19528198,0.05
1835008,1106.112509029384,1.0,148.13794,200.0,75.1563,-1.9999981,-0.28524652,1.99,1.0602536,-0.01207624,-0.0858998,0.0056347623,-0.01389117,1.4965203,0.8022766,0.19772339,0.05
1867776,1087.472928368276,1.0,147.35583,200.0,75.43771,-1.9999981,-0.27734303,1.99,1.0626804,-0.0073837703,-0.08578531,0.0058101155,-0.01322848,1.5092375,0.79800415,0.20199585,0.05
1900544,1086.7623319899017,1.0,147.1665,200.0,75.385185,-1.9999981,-0.2728045,1.99,1.0628555,-0.003976264,-0.086875945,0.0053510964,-0.014138699,1.5082558,0.7963562,0.2036438,0.05
1933312,1089.0345750033189,1.0,146.5597,200.0,75.65744,-1.9999981,-0.26863363,1.99,1.0650651,-0.001200459,-0.08815146,0.0047339774,-0.014871849,1.5129318,0.7937317,0.20626831,0.05
1966080,1088.7364467123457,1.0,145.9939,200.0,75.83434,-1.9999981,-0.26214162,1.99,1.0678055,0.0029977877,-0.08606993,0.0057051596,-0.014222889,1.4939922,0.7904053,0.20959473,0.05
1998848,1082.101812903597,1.0,145.39124,200.0,76.06657,-1.9999981,-0.25463766,1.99,1.0681103,0.007305458,-0.08661798,0.0052683414,-0.013970239,1.505638,0.7876587,0.21234131,0.05
2031616,1106.9459921818766,1.0,145.04187,200.0,76.171715,-1.9999981,-0.24933434,1.99,1.0674121,0.010529521,-0.08906551,0.0046252087,-0.015758866,1.5123852,0.7860718,0.21392822,0.05
2064384,1104.3920688553198,1.0,144.6228,200.0,76.279045,-1.9999981,-0.2454357,1.99,1.0694333,0.012721495,-0.086604185,0.0060288357,-0.014183503,1.5087019,0.7831116,0.21688843,0.05
2097152,1103.3528757850502,1.0,144.63538,200.0,76.183586,-1.9999981,-0.24360435,1.99,1.0696944,0.013821248,-0.08814223,0.0053705713,-0.015613589,1.5042784,0.78219604,0.21780396,0.05
2129920,1102.8719905012981,1.0,144.00818,200.0,76.374985,-1.9999981,-0.23526785,1.99,1.0700715,0.01844175,-0.08911088,0.0056052594,-0.016519012,1.5078897,0.77871704,0.22128296,0.05
2162688,1103.1963565603367,1.0,143.6836,200.0,76.42522,-1.9999981,-0.23410729,1.99,1.0732234,0.019739155,-0.08952965,0.0050373683,-0.016783334,1.5053002,0.77664185,0.22335815,0.05
2195456,1082.2341491884993,1.0,143.14514,200.0,76.499626,-1.9999981,-0.22500512,1.99,1.0750281,0.025215816,-0.089452416,0.0060066907,-0.017351627,1.5020827,0.7720947,0.22790527,0.05
2228224,1083.5055207998735,1.0,142.73169,200.0,76.62632,-1.9999981,-0.22107688,1.99,1.0772308,0.026972935,-0.08973465,0.005303992,-0.017555904,1.4966149,0.7695923,0.23040771,0.05
2260992,1084.8832786236937,1.0,142.36755,200.0,76.632935,-1.9999981,-0.21307091,1.99,1.0803133,0.030890655,-0.08890042,0.0061656963,-0.01780764,1.4835128,0.7646179,0.23538208,0.05
2293760,1098.6990914551088,1.0,141.7157,200.0,76.73642,-1.9999981,-0.20828575,1.99,1.0814087,0.03372015,-0.08801773,0.0053289537,-0.016227487,1.4890946,0.76168823,0.23831177,0.05
2326528,1103.3333449897086,1.0,140.95325,200.0,76.85696,-1.9999981,-0.1994619,1.99,1.0822991,0.038662042,-0.08925091,0.0054435856,-0.017098006,1.4974936,0.75738525,0.24261475,0.05
2359296,1097.3275158670383,1.0,140.38306,200.0,76.96695,-1.9999981,-0.1917382,1.99,1.084615,0.04270004,-0.089684136,0.005484985,-0.01832467,1.4820391,0.7538452,0.24615479,0.05
2392064,1099.6191793286919,1.0,140.24792,200.0,76.96005,-1.9999981,-0.18935692,1.99,1.0839108,0.04375794,-0.089970626,0.0053032613,-0.017810797,1.496229,0.7527771,0.2472229,0.05
2424832,1100.5732847894392,1.0,139.86768,200.0,77.02983,-1.9999981,-0.1839669,1.99,1.0833671,0.04575504,-0.089564845,0.0060051484,-0.018074146,1.4898657,0.75042725,0.24957275,0.05
2457600,1082.7688595227091,1.0,139.51929,200.0,77.047676,-1.9999981,-0.17989251,1.99,1.0851063,0.04777555,-0.08836313,0.00642013,-0.016806835,1.4953274,0.7472534,0.25274658,0.05
2490368,1080.5835641626732,1.0,138.96204,200.0,77.03297,-1.9999981,-0.16926385,1.99,1.0868249,0.052360453,-0.09006843,0.006689551,-0.019089011,1.486484,0.74160767,0.25839233,0.05
2523136,1078.029526421333,1.0,138.63123,200.0,77.01523,-1.9999981,-0.16420129,1.99,1.0894934,0.055382356,-0.090241,0.005289105,-0.017967448,1.4983621,0.738739,0.261261,0.05
2555904,1098.202122779181,1.0,138.57446,200.0,76.9293,-1.9999981,-0.1606304,1.99,1.0882838,0.056644056,-0.08929146,0.005340361,-0.017470319,1.4898264,0.7376404,0.26235962,0.05
2588672,1097.4518073094391,1.0,138.3446,200.0,76.97206,-1.9999981,-0.15734552,1.99,1.0891336,0.058016017,-0.09074352,0.0055697523,-0.019080754,1.4889529,0.7353821,0.26461792,0.05
2621440,1098.826232715691,1.0,137.91956,200.0,77.01308,-1.9999981,-0.15090874,1.99,1.0900849,0.060982835,-0.08937671,0.006563677,-0.018766347,1.4778439,0.73184204,0.26815796,0.05
2654208,1095.1403967850404,1.0,137.27795,200.0,77.01493,-1.9999981,-0.14013758,1.99,1.0924045,0.06613144,-0.08957066,0.006467485,-0.018916158,1.4777647,0.72683716,0.27316284,0.05
2686976,1074.154861719836,1.0,136.85376,200.0,76.90105,-1.9999981,-0.13182397,1.99,1.0910438,0.06964507,-0.09004664,0.0067683007,-0.019617258,1.4762707,0.72317505,0.27682495,0.05
2719744,1073.8979670864487,1.0,136.75464,200.0,76.730156,-1.9999981,-0.12764429,1.99,1.0936285,0.07089002,-0.090771765,0.0058352603,-0.019318141,1.4874246,0.719574,0.28042603,0.05
2752512,1078.0185678974308,1.0,136.13928,200.0,76.84166,-1.9999981,-0.1175518,1.99,1.0942798,0.07640526,-0.092023335,0.006199555,-0.021094752,1.4805672,0.71520996,0.28479004,0.05
2785280,1097.053911063691,1.0,135.97852,200.0,76.78827,-1.9999981,-0.11077203,1.99,1.0957979,0.08045928,-0.0905776,0.0064329286,-0.020018501,1.4755111,0.7113037,0.2886963,0.05
2818048,1100.151282135064,1.0,135.53711,200.0,76.69434,-1.9999981,-0.10354699,1.99,1.0955918,0.08329837,-0.09189287,0.0063684005,-0.021641377,1.4687138,0.70718384,0.29281616,0.05
2850816,1095.9900451703807,1.0,134.9375,200.0,76.66091,-1.9999981,-0.09211572,1.99,1.097863,0.08805168,-0.09173916,0.006705353,-0.021724328,1.4673504,0.7008362,0.29916382,0.05
2883584,1094.533662410549,1.0,134.10217,200.0,76.78119,-1.9999981,-0.082296394,1.99,1.0999599,0.093080826,-0.09112466,0.0066028545,-0.021033384,1.467854,0.69555664,0.30444336,0.05
2916352,1077.026671204465,1.0,133.61523,200.0,76.660645,-1.9999981,-0.07359004,1.99,1.100594,0.09670151,-0.09149723,0.007324727,-0.021575067,1.4716902,0.6906433,0.3093567,0.05
2949120,1074.749124220198,1.0,133.26721,200.0,76.540535,-1.9999981,-0.06876733,1.99,1.1024854,0.098902434,-0.09222274,0.0062783775,-0.021920938,1.4688199,0.6871948,0.31280518,0.05
2981888,1097.4242653675121,1.0,132.55334,200.0,76.518166,-1.9999981,-0.059755802,1.99,1.1043602,0.102207735,-0.09204051,0.0070752716,-0.022655247,1.4584581,0.68133545,0.31866455,0.05
3014656,1094.9487747609965,1.0,132.41003,200.0,76.42277,-1.9999981,-0.051873725,1.99,1.1048143,0.105606385,-0.09202952,0.006235068,-0.021898545,1.4649701,0.677063,0.322937,0.05
3047424,1094.7268918132293,1.0,132.1272,200.0,76.360085,-1.9999981,-0.04428217,1.99,1.1046708,0.10890793,-0.092111744,0.0077205556,-0.023014663,1.4591475,0.6731262,0.32687378,0.05
3080192,1075.1790023326805,1.0,131.47925,200.0,76.37152,-1.9999981,-0.035319775,1.99,1.1053073,0.11321414,-0.09263598,0.00648031,-0.022856541,1.4603916,0.66830444,0.33169556,0.05
3112960,1075.420328285979,1.0,130.5774,200.0,76.3507,-1.9999981,-0.023651987,1.99,1.105169,0.11824754,-0.09220969,0.0075798035,-0.023414614,1.4516997,0.66293335,0.33706665,0.05
3145728,1073.6554199024968,1.0,130.18176,200.0,76.28995,-1.9999981,-0.016462054,1.99,1.1070784,0.12127094,-0.09336194,0.0060919155,-0.023533676,1.4574841,0.6589966,0.34100342,0.05
3178496,1094.1417115527047,1.0,129.64832,200.0,76.2599,-1.9999981,-0.008054156,1.99,1.1069062,0.12457207,-0.09317721,0.007099126,-0.02390889,1.4563575,0.6547241,0.34527588,0.05
3211264,1091.4042925168737,1.0,129.02539,200.0,76.12792,-1.9999981,0.0018393341,1.99,1.106831,0.12809823,-0.09344349,0.0069245547,-0.024123592,1.4556434,0.649353,0.35064697,0.05
3244032,1092.195890003148,1.0,128.505,200.0,76.1456,-1.9999981,0.008756146,1.99,1.1060314,0.1303982,-0.092839554,0.006488923,-0.023077838,1.4601233,0.64642334,0.35357666,0.05
3276800,1075.7314734015777,1.0,127.9729,200.0,76.05725,-1.9999981,0.016290015,1.99,1.1056036,0.13366884,-0.09332499,0.00688165,-0.024361424,1.4480879,0.6428528,0.35714722,0.05
3309568,1073.1432280609602,1.0,127.84155,200.0,76.00254,-1.9999981,0.02007328,1.99,1.1056097,0.13523352,-0.09335231,0.006681117,-0.024284113,1.448175,0.6412964,0.3587036,0.05
3342336,1095.8437947611826,1.0,127.36621,200.0,75.96628,-1.9999981,0.029825779,1.99,1.1075568,0.13962993,-0.093386605,0.0075793224,-0.024827866,1.446968,0.6358948,0.36410522,0.05
3375104,1089.9579198968568,1.0,126.69934,200.0,75.90408,-1.9999981,0.03950198,1.99,1.1070087,0.14394182,-0.093879364,0.006872809,-0.025154093,1.4432337,0.63183594,0.36816406,0.05
3407872,1091.4707279957918,1.0,126.50488,200.0,75.78264,-1.9999981,0.04235019,1.99,1.1083779,0.14448175,-0.09514834,0.006197246,-0.02542305,1.4564781,0.6289673,0.3710327,0.05
3440640,1071.5665188518904,1.0,126.11743,200.0,75.64076,-1.9999981,0.051452667,1.99,1.1090232,0.1484468,-0.093199216,0.0074389107,-0.024115039,1.4560723,0.6238098,0.3761902,0.05
3473408,1068.3672606030098,1.0,125.40637,200.0,75.659256,-1.9999981,0.06354526,1.99,1.1086011,0.15398651,-0.092513256,0.008191604,-0.024383442,1.4445122,0.618042,0.381958,0.05
3506176,1089.4484102417714,1.0,124.835815,200.0,75.51996,-1.9999981,0.06908205,1.99,1.1070515,0.15514952,-0.093402565,0.007496089,-0.025172547,1.439561,0.6154785,0.38452148,0.05
3538944,1091.9282732723852,1.0,124.43762,200.0,75.50844,-1.9999981,0.07364108,1.99,1.1076963,0.15741906,-0.094648056,0.007248609,-0.026081258,1.4438218,0.6128235,0.3871765,0.05
3571712,1084.4205879636856,1.0,123.893555,200.0,75.46013,-1.9999981,0.08120486,1.99,1.1071384,0.16079158,-0.09495578,0.0070701754,-0.026215099,1.4455154,0.609375,0.390625,0.05
3604480,1070.672498708215,1.0,123.60181,200.0,75.29598,-1.9999981,0.087835714,1.99,1.108545,0.16356872,-0.09454751,0.0071647745,-0.025924038,1.4441172,0.6046448,0.39535522,0.05
3637248,1070.5008659019059,1.0,123.26953,200.0,75.24227,-1.9999981,0.09120211,1.99,1.1076497,0.16468653,-0.09458439,0.007201077,-0.025858352,1.4465318,0.60354614,0.39645386,0.05
3670016,1090.6772294714594,1.0,123.03113,200.0,75.220665,-1.9999981,0.093345664,1.99,1.1074721,0.16514115,-0.09441761,0.0070597474,-0.025787456,1.4432006,0.60217285,0.39782715,0.05
3702784,1087.9925372516393,1.0,122.87451,200.0,75.26218,-1.9999981,0.094255395,1.99,1.1087525,0.16501856,-0.09509145,0.006946417,-0.02635057,1.4442818,0.6011658,0.39883423,0.05
3735552,1090.018032877285,1.0,121.90344,200.0,75.0807,-1.9999981,0.109248675,1.99,1.1075908,0.17066829,-0.09385709,0.008560587,-0.026642572,1.4298961,0.5939636,0.40603638,0.05
3768320,1071.8534694025695,1.0,121.3761,200.0,75.043144,-1.9999981,0.11408572,1.99,1.1070299,0.17203638,-0.094578326,0.007244873,-0.026277287,1.4384695,0.5908203,0.4091797,0.05
3801088,1087.8027022399433,1.0,120.58069,200.0,75.164375,-1.9999981,0.12128999,1.99,1.1067755,0.17567788,-0.09274558,0.008747075,-0.025327628,1.4358294,0.58773804,0.41226196,0.05
3833856,1088.8529335180267,1.0,120.31128,200.0,75.19842,-1.9999981,0.12497011,1.99,1.1064928,0.17751564,-0.09562197,0.0076385485,-0.027528008,1.4382645,0.5861206,0.4138794,0.05
3866624,1090.4288353660882,1.0,120.01355,200.0,75.18429,-1.9999981,0.12903321,1.99,1.1067321,0.17969485,-0.094890475,0.007814754,-0.026666017,1.4426368,0.584198,0.415802,0.05
3899392,1066.9155979807817,1.0,119.54883,200.0,75.121605,-1.9999981,0.13653687,1.99,1.1059086,0.18260579,-0.09385024,0.008167849,-0.026336772,1.4319476,0.5800476,0.4199524,0.05
3932160,1069.6970154463277,1.0,119.45337,200.0,75.04545,-1.9999981,0.13981232,1.99,1.1054057,0.18345198,-0.09642592,0.007218575,-0.028454192,1.43162,0.5788269,0.4211731,0.05
3964928,1093.4157040162252,1.0,119.404785,200.0,74.96645,-1.9999981,0.14556305,1.99,1.1037872,0.1853748,-0.09568062,0.007303978,-0.027425982,1.4381326,0.5765991,0.42340088,0.05
3997696,1095.3368870527725,1.0,119.115234,200.0,74.85707,-1.9999981,0.14929384,1.99,1.1028513,0.18700892,-0.09519951,0.0073665148,-0.02703612,1.4369332,0.57510376,0.42489624,0.05
4030464,1069.9988926392507,1.0,118.88513,200.0,74.75661,-1.9999981,0.1524353,1.99,1.1007122,0.18808636,-0.09639827,0.006938607,-0.028011007,1.4371315,0.5740967,0.42590332,0.05
4063232,1065.4609532603822,1.0,118.71472,200.0,74.71456,-1.9999981,0.15344848,1.99,1.1006032,0.18870944,-0.09452742,0.0076285214,-0.026402298,1.4387877,0.5734253,0.4265747,0.05
4096000,1088.4035638550936,1.0,118.95764,200.0,74.65831,-1.9999981,0.15397522,1.99,1.1010637,0.18857175,-0.09701224,0.007019867,-0.028681193,1.4368193,0.5726013,0.42739868,0.05
4128768,1092.353921900344,1.0,118.25073,200.0,74.56937,-1.9999981,0.16095367,1.99,1.0997283,0.19114758,-0.094307475,0.0077098035,-0.026425183,1.434744,0.56933594,0.43066406,0.05
4161536,1090.5378881209583,1.0,117.94275,200.0,74.477165,-1.9999981,0.16480011,1.99,1.0986488,0.192976,-0.09480268,0.0077121886,-0.026701624,1.439143,0.56799316,0.43200684,0.05
4194304,1072.2945028720492,1.0,117.408325,200.0,74.262924,-1.9999981,0.17258057,1.99,1.0984762,0.19602266,-0.09500143,0.007627371,-0.026840316,1.4394958,0.56359863,0.43640137,0.05
4227072,1088.2387368194848,1.0,117.33508,200.0,74.12223,-1.9999981,0.17485747,1.99,1.0993254,0.19661394,-0.09410634,0.0082373945,-0.026352301,1.4374545,0.5618286,0.4381714,0.05
4259840,1090.6651727571953,1.0,116.76282,200.0,74.036125,-1.9999981,0.18497436,1.99,1.1003066,0.20215453,-0.095475905,0.0083468035,-0.028223032,1.4285253,0.55548096,0.44451904,0.05
4292608,1090.822761968073,1.0,116.53735,200.0,73.85545,-1.9999981,0.1876181,1.99,1.0995644,0.2025472,-0.09666191,0.0077110943,-0.028970016,1.4309489,0.55462646,0.44537354,0.05
4325376,1072.621002091627,1.0,116.46484,200.0,73.86287,-1.9999981,0.1908899,1.99,1.0999216,0.2041756,-0.09570222,0.007421458,-0.027700733,1.4342444,0.5522766,0.4477234,0.05
4358144,1070.5447758450357,1.0,115.70471,200.0,73.74539,-1.9999981,0.20137237,1.99,1.0997193,0.2092186,-0.095393494,0.009012939,-0.028591307,1.4261731,0.54730225,0.45269775,0.05
4390912,1087.0444884649141,1.0,115.56433,200.0,73.78818,-1.9999981,0.20466825,1.99,1.1003166,0.21189278,-0.096324645,0.008175714,-0.029280018,1.4226497,0.54663086,0.45336914,0.05
4423680,1089.2697212936685,1.0,115.6676,200.0,73.6071,-1.9999981,0.20672424,1.99,1.1001486,0.21241963,-0.09580606,0.0077204057,-0.028047882,1.4323677,0.54556274,0.45443726,0.05
4456448,1069.293155135849,1.0,115.590454,200.0,73.66178,-1.9999981,0.20971313,1.99,1.101273,0.21473679,-0.09829094,0.007105902,-0.02987282,1.4394214,0.54397583,0.45602417,0.05
4489216,1065.766782753985,1.0,115.230225,200.0,73.61652,-1.9999981,0.21548828,1.99,1.100096,0.21744817,-0.09735119,0.007176176,-0.02921077,1.4345702,0.5404053,0.45959473,0.05
4521984,1089.6910357657175,1.0,114.68408,200.0,73.59616,-1.9999981,0.22506407,1.99,1.0987452,0.22267957,-0.09653949,0.008030011,-0.028828006,1.4345297,0.5362854,0.4637146,0.05
4554752,1086.8191537740538,1.0,114.24573,200.0,73.47466,-1.9999981,0.23296385,1.99,1.096791,0.22634628,-0.096909724,0.008265128,-0.029753681,1.4257724,0.5326233,0.4673767,0.05
4587520,1063.7057025252684,1.0,113.7865,200.0,73.38852,-1.9999981,0.23943388,1.99,1.0971462,0.22955497,-0.096625134,0.007783797,-0.028445868,1.4414234,0.5281372,0.4718628,0.05
4620288,1064.387586742363,1.0,113.43054,200.0,73.315285,-1.9999981,0.24483366,1.99,1.0962695,0.23178135,-0.097722106,0.007754146,-0.030661767,1.4187479,0.5257263,0.47427368,0.05
4653056,1089.901365808116,1.0,113.55078,200.0,73.20442,-1.9999981,0.2455444,1.99,1.0970142,0.23184797,-0.098356456,0.008179703,-0.031026956,1.428387,0.5244446,0.47555542,0.05
4685824,1091.2859594582749,1.0,113.66882,200.0,73.186195,-1.9999981,0.24598783,1.99,1.0974623,0.23213492,-0.09774823,0.0075719883,-0.030322725,1.4242299,0.52386475,0.47613525,0.05
4718592,1065.3529436145336,1.0,113.37341,200.0,72.96837,-1.9999981,0.252178,1.99,1.0966543,0.23491117,-0.09738548,0.007932283,-0.030131653,1.4243995,0.52130127,0.47869873,0.05
4751360,1063.4946048207655,1.0,113.096436,200.0,72.8246,-1.9999981,0.25826964,1.99,1.0948132,0.23733735,-0.096079595,0.009196947,-0.029647578,1.4206101,0.5180359,0.4819641,0.05
4784128,1086.335353296984,1.0,112.91675,200.0,72.65968,-1.9999981,0.26147673,1.99,1.0926206,0.23764148,-0.09797026,0.0075349305,-0.030186161,1.4310316,0.51605225,0.48394775,0.05
4816896,1086.1502162086822,1.0,112.74817,200.0,72.61892,-1.9999981,0.2648434,1.99,1.0921683,0.23861405,-0.09634139,0.008303139,-0.029762382,1.4146113,0.5144348,0.4855652,0.05
4849664,1065.2287653701537,1.0,112.50244,200.0,72.50803,-1.9999981,0.26890165,1.99,1.0915073,0.24000478,-0.09732039,0.007602228,-0.030222107,1.4179882,0.51190186,0.48809814,0.05
4882432,1062.4295062296535,1.0,112.19849,200.0,72.37702,-1.9999981,0.27230802,1.99,1.0917449,0.2412199,-0.09785518,0.008038405,-0.03103301,1.4168277,0.50994873,0.49005127,0.05
4915200,1083.7373195657062,1.0,111.637085,200.0,72.29771,-1.9999981,0.27578917,1.99,1.0898726,0.24277252,-0.09709986,0.007910526,-0.030101327,1.4190761,0.5079956,0.4920044,0.05
4947968,1086.7894358929193,1.0,111.06482,200.0,72.07857,-1.9999981,0.28245085,1.99,1.0908525,0.24468866,-0.09757934,0.007869324,-0.030267885,1.4249222,0.5036926,0.49630737,0.05
4980736,1063.4179959363878,1.0,110.581055,200.0,71.921455,-1.9999981,0.29112148,1.99,1.0910562,0.24839099,-0.096791,0.008528096,-0.030347342,1.4141544,0.49829102,0.501709,0.05
5013504,1086.5622225970264,1.0,110.07776,200.0,71.69118,-1.9999981,0.3006082,1.99,1.0901611,0.253375,-0.096969806,0.009007582,-0.031329717,1.4028778,0.49423218,0.5057678,0.05
5046272,1083.0346675858873,1.0,109.29846,200.0,71.519714,-1.9999981,0.31497586,1.99,1.0877476,0.2613812,-0.09710039,0.008669052,-0.031367972,1.401339,0.48742676,0.51257324,0.05
5079040,1085.990232714055,1.0,108.78491,200.0,71.230965,-1.9999981,0.32549953,1.99,1.0847983,0.26571918,-0.09717339,0.008869975,-0.03171849,1.3977982,0.4824524,0.5175476,0.05
5111808,1064.6952086274682,1.0,107.96753,200.0,71.075096,-1.9999981,0.33584744,1.99,1.082714,0.27048942,-0.096667655,0.009340838,-0.0313749,1.3992635,0.47747803,0.522522,0.05
5144576,1086.795288244755,1.0,107.60498,200.0,70.89108,-1.9999981,0.33905452,1.99,1.0795467,0.2710936,-0.096342325,0.0089785345,-0.030159077,1.4134501,0.4768982,0.5231018,0.05
5177344,1086.0559420264867,1.0,107.105225,200.0,70.732216,-1.9999981,0.34659722,1.99,1.0792195,0.2746488,-0.096308835,0.008517748,-0.030463707,1.40208,0.4725647,0.5274353,0.05
5210112,1056.7936201596913,1.0,106.66235,200.0,70.488434,-1.9999981,0.352633,1.99,1.0761964,0.2766343,-0.0971204,0.00819096,-0.031007044,1.4041761,0.46975708,0.5302429,0.05
5242880,1085.8871837110246,1.0,106.22412,200.0,70.47055,-1.9999981,0.3572964,1.99,1.0745314,0.27863795,-0.09741571,0.008597636,-0.03165744,1.4011418,0.46746826,0.53253174,0.05
5275648,1091.3742193625205,1.0,105.625854,200.0,70.351074,-1.9999981,0.36322197,1.99,1.0743669,0.281582,-0.09811882,0.008326805,-0.032446723,1.3967099,0.4638672,0.5361328,0.05
5308416,1066.4108740907477,1.0,105.18884,200.0,70.19713,-1.9999981,0.36724633,1.99,1.0723538,0.28317183,-0.097800106,0.008485327,-0.0318947,1.4029613,0.462677,0.537323,0.05
5341184,1086.8739616593434,1.0,104.87048,200.0,69.90003,-1.9999981,0.37299067,1.99,1.0720448,0.28437465,-0.09784088,0.008576204,-0.03219174,1.3987446,0.45965576,0.54034424,0.05
5373952,1084.9900086611187,1.0,104.234985,200.0,69.62467,-1.9999981,0.377998,1.99,1.0694003,0.28572738,-0.097779185,0.008969796,-0.032123644,1.4028083,0.45812988,0.5418701,0.05
5406720,1067.951839667505,1.0,104.134155,200.0,69.52496,-1.9999981,0.3793197,1.99,1.0694748,0.2861678,-0.098120145,0.0083647445,-0.03203876,1.4052752,0.45700073,0.54299927,0.05
5439488,1066.1611268595952,1.0,103.93762,200.0,69.358765,-1.9999981,0.38284418,1.99,1.0676754,0.28645068,-0.09897704,0.007975829,-0.032661647,1.406066,0.45541382,0.5445862,0.05
5472256,1082.719360754597,1.0,103.50757,200.0,69.18104,-1.9999981,0.3884118,1.99,1.0662645,0.28933316,-0.098403476,0.0090265665,-0.03310889,1.3961571,0.45303345,0.54696655,0.05
5505024,1084.0720823820286,1.0,103.142944,200.0,69.07761,-1.9999981,0.39303645,1.99,1.0663425,0.29151347,-0.09896807,0.008461091,-0.0330107,1.4037582,0.4507141,0.5492859,0.05
5537792,1064.5433213951862,1.0,102.69751,200.0,68.93393,-1.9999981,0.39914605,1.99,1.0644889,0.29493165,-0.0973814,0.008969763,-0.031948686,1.398352,0.4491272,0.5508728,0.05
5570560,1087.7375733979152,1.0,102.66272,200.0,68.92126,-1.9999981,0.40203056,1.99,1.0644102,0.29580128,-0.097330086,0.009004485,-0.03191924,1.3982618,0.44750977,0.55249023,0.05
5603328,1087.730522904551,1.0,102.4115,200.0,68.837265,-1.9999981,0.40721858,1.99,1.0635138,0.29858968,-0.09877698,0.008687091,-0.033452656,1.3933576,0.446167,0.553833,0.05
5636096,1060.9562976777331,1.0,101.80798,200.0,68.7104,-1.9999981,0.41344476,1.99,1.0624269,0.30235463,-0.097608045,0.009315846,-0.03223749,1.4005694,0.4433899,0.5566101,0.05
5668864,1082.1100856356823,1.0,101.49292,200.0,68.5527,-1.9999981,0.42325276,1.99,1.0604292,0.30765015,-0.09922816,0.008441456,-0.033529624,1.3983852,0.43914795,0.56085205,0.05
5701632,1087.5902895901331,1.0,100.755005,200.0,68.39638,-1.9999981,0.43240133,1.99,1.0588125,0.31337458,-0.09823643,0.0093544265,-0.033242702,1.3934189,0.4352417,0.5647583,0.05
5734400,1064.6486927851934,1.0,100.35742,200.0,68.2306,-1.9999981,0.43910483,1.99,1.0568727,0.31643528,-0.099063106,0.009219274,-0.033883184,1.3957912,0.4326477,0.5673523,0.05
5767168,1085.254337670804,1.0,100.05774,200.0,68.058395,-1.9999981,0.4450887,1.99,1.0525086,0.31910712,-0.100106075,0.007979122,-0.034245197,1.397009,0.43066406,0.56933594,0.05
5799936,1083.204162423382,1.0,99.86536,200.0,68.03547,-1.9999981,0.4484853,1.99,1.0515679,0.3212877,-0.09854844,0.00906917,-0.033434395,1.3929726,0.42965698,0.570343,0.05
5832704,1062.2243904900145,1.0,99.795166,200.0,68.03942,-1.9999981,0.44973227,1.99,1.0508821,0.32159343,-0.099366516,0.0088107195,-0.033934783,1.3967416,0.42797852,0.5720215,0.05
5865472,1087.5192657277341,1.0,99.79089,200.0,68.10161,-1.9999981,0.44921377,1.99,1.0506281,0.32142395,-0.09934384,0.008542082,-0.033621266,1.3998723,0.42886353,0.5711365,0.05
5898240,1084.2331690846418,1.0,99.86206,200.0,68.286194,-1.9999981,0.44636738,1.99,1.051159,0.32066035,-0.09743269,0.0091327345,-0.03228497,1.3942816,0.430542,0.569458,0.05
5931008,1086.1178741315564,1.0,99.783325,200.0,68.19591,-1.9999981,0.44780844,1.99,1.0495552,0.32114652,-0.099803,0.008850383,-0.034507524,1.3944135,0.4300232,0.5699768,0.05
5963776,1061.014065059,1.0,99.73328,200.0,68.08589,-1.9999981,0.45211172,1.99,1.0498496,0.3230719,-0.097442575,0.009161209,-0.03259434,1.3885769,0.42855835,0.57144165,0.05
5996544,1088.2070973955222,1.0,99.72473,200.0,68.0255,-1.9999981,0.4548632,1.99,1.048618,0.3239525,-0.09765639,0.009281312,-0.032568414,1.394573,0.4265442,0.5734558,0.05
6029312,1063.9960606453574,1.0,99.57214,200.0,67.87979,-1.9999981,0.45516407,1.99,1.0486029,0.3233631,-0.09934174,0.009132433,-0.033900496,1.400149,0.42651367,0.5734863,0.05
6062080,1061.6180053823919,1.0,99.31824,200.0,67.65742,-1.9999981,0.45958334,1.99,1.0456983,0.32430825,-0.09865847,0.008903921,-0.03353595,1.3914895,0.42388916,0.57611084,0.05
6094848,1084.5930931632631,1.0,99.50586,200.0,67.58847,-1.9999981,0.46181753,1.99,1.0447471,0.32515883,-0.09892554,0.00866456,-0.03344611,1.396234,0.42266846,0.57733154,0.05
6127616,1087.7918885042816,1.0,99.33923,200.0,67.442276,-1.9999981,0.46785206,1.99,1.0450898,0.32811597,-0.09944007,0.0089700315,-0.03417676,1.3949661,0.41934204,0.58065796,0.05
6160384,1060.8807828458223,1.0,99.430786,200.0,67.5494,-1.9999981,0.4684737,1.99,1.0445615,0.32847926,-0.098890215,0.008482073,-0.033267524,1.3972749,0.4189453,0.5810547,0.05
6193152,1083.3942830446977,1.0,99.54785,200.0,67.55648,-1.9999981,0.46914813,1.99,1.0457875,0.32860997,-0.09912867,0.009080997,-0.033533446,1.4027148,0.41854858,0.5814514,0.05
6225920,1082.9040808436914,1.0,99.34094,200.0,67.49394,-1.9999981,0.474078,1.99,1.0467092,0.33078074,-0.09897217,0.008762092,-0.03338884,1.3992873,0.41516113,0.58483887,0.05
6258688,1083.4897527569344,1.0,99.268555,200.0,67.321396,-1.9999981,0.4769686,1.99,1.0453417,0.3325389,-0.099514835,0.008873614,-0.03387185,1.4015957,0.41534424,0.58465576,0.05
6291456,1085.398597917156,1.0,99.141235,200.0,67.1866,-1.9999981,0.48290426,1.99,1.0421892,0.33568195,-0.09991455,0.00902242,-0.035086036,1.3867948,0.413208,0.586792,0.05
6324224,1061.631060329475,1.0,98.9635,200.0,66.92845,-1.9999981,0.48989463,1.99,1.0409147,0.3377239,-0.0991109,0.0096890945,-0.03465288,1.3860508,0.40905762,0.5909424,0.05
6356992,1082.113365796194,1.0,98.5686,200.0,66.742935,-1.9999981,0.49570912,1.99,1.040829,0.34028974,-0.09914052,0.009740436,-0.034566425,1.3888861,0.40493774,0.59506226,0.05
6389760,1083.5740821013399,1.0,98.36719,200.0,66.51519,-1.9999981,0.49893302,1.99,1.0386113,0.3411479,-0.09928845,0.009425208,-0.03453017,1.3894175,0.40219116,0.59780884,0.05
6422528,1062.2481003823443,1.0,98.520996,200.0,66.45149,-1.9999981,0.49804157,1.99,1.038865,0.34075242,-0.09944541,0.008741295,-0.0335049,1.4062234,0.4019165,0.5980835,0.05
6455296,1085.715879072702,1.0,98.69946,200.0,66.31381,-1.9999981,0.4946822,1.99,1.0403699,0.33820868,-0.10066259,0.008764797,-0.035116643,1.3985673,0.40374756,0.59625244,0.05
6488064,1081.7730933749663,1.0,98.458374,200.0,66.39866,-1.9999981,0.49338764,1.99,1.0388628,0.33769408,-0.09941959,0.008989027,-0.034085143,1.396579,0.40411377,0.59588623,0.05
6520832,1059.3293665832716,1.0,98.542725,200.0,66.47187,-1.9999981,0.49579427,1.99,1.0388585,0.3388725,-0.100090094,0.00856673,-0.034947395,1.3885213,0.4033203,0.5966797,0.05
6553600,1085.1133713039585,1.0,98.42578,200.0,66.48223,-1.9999981,0.49841058,1.99,1.0391709,0.34074086,-0.09988083,0.009018332,-0.034906104,1.3896778,0.4008789,0.5991211,0.05
6586368,1086.13100643061,1.0,98.41492,200.0,66.506516,-1.9999981,0.50102955,1.99,1.039867,0.342425,-0.10026137,0.008848539,-0.035258193,1.388549,0.39993286,0.60006714,0.05
6619136,1084.6786558348872,1.0,98.764404,200.0,66.60067,-1.9999981,0.49736744,1.99,1.041497,0.34072667,-0.098802984,0.008737352,-0.033233017,1.3987728,0.40097046,0.59902954,0.05
6651904,1083.393984141085,1.0,98.76245,200.0,66.67552,-1.9999981,0.4954543,1.99,1.0432695,0.34019214,-0.09800818,0.008702767,-0.032411072,1.3989699,0.40081787,0.5991821,0.05
6684672,1060.0467324358274,1.0,98.47766,200.0,66.63568,-1.9999981,0.49415517,1.99,1.0433428,0.33862305,-0.100551434,0.008709545,-0.03511454,1.3958333,0.40164185,0.59835815,0.05
6717440,1084.367609983201,1.0,98.38721,200.0,66.641754,-1.9999981,0.4980846,1.99,1.0426427,0.34108436,-0.09953229,0.00901613,-0.03445306,1.3917457,0.39978027,0.6002197,0.05
6750208,1080.6474227506744,1.0,98.36035,200.0,66.60142,-1.9999981,0.49669972,1.99,1.0424465,0.33987433,-0.09962542,0.009039401,-0.034738548,1.3881313,0.40023804,0.59976196,0.05
6782976,1059.3351065564425,1.0,98.32593,200.0,66.482994,-1.9999981,0.49658376,1.99,1.040896,0.33890212,-0.09965797,0.009958698,-0.035711963,1.378507,0.39990234,0.60009766,0.05
6815744,1084.7510642464495,1.0,97.96069,200.0,66.426796,-1.9999981,0.4996108,1.99,1.0392348,0.34076276,-0.099393845,0.009342111,-0.03487745,1.3837489,0.3987732,0.6012268,0.05
6848512,1083.5018648963953,1.0,97.785034,200.0,66.30518,-1.9999981,0.50509906,1.99,1.0386953,0.34421855,-0.100519046,0.009620491,-0.036515754,1.3762709,0.39672852,0.6032715,0.05
6881280,1081.1855840237063,1.0,97.77283,200.0,66.2872,-1.9999981,0.50634205,1.99,1.0385829,0.34447327,-0.10001244,0.008880247,-0.03524122,1.3842269,0.3968811,0.6031189,0.05
6914048,1083.6080584407268,1.0,97.67139,200.0,66.31229,-1.9999981,0.504941,1.99,1.0383807,0.34355325,-0.09948933,0.008804518,-0.034194957,1.3939327,0.39761353,0.6023865,0.05
6946816,1057.6399905344194,1.0,97.31763,200.0,66.22733,-1.9999981,0.50717396,1.99,1.0367476,0.3447441,-0.09982024,0.009737371,-0.03526044,1.38857,0.396698,0.603302,0.05
6979584,1080.7478479141869,1.0,97.15576,200.0,66.06538,-1.9999981,0.5096816,1.99,1.0333931,0.3455578,-0.099195726,0.008493126,-0.033897568,1.3908944,0.39678955,0.60321045,0.05
7012352,1081.6908744615696,1.0,97.33179,200.0,65.98385,-1.9999981,0.5091021,1.99,1.0327111,0.34423393,-0.09845744,0.009254626,-0.03381613,1.3853725,0.39770508,0.6022949,0.05
7045120,1056.3162290551568,1.0,97.114746,200.0,65.93481,-1.9999981,0.5109649,1.99,1.0337408,0.34513918,-0.09970231,0.0087640565,-0.034072462,1.4002376,0.39559937,0.60440063,0.05
7077888,1082.0900643078487,1.0,96.94812,200.0,65.87044,-1.9999981,0.51430285,1.99,1.0324993,0.34684408,-0.09958249,0.009193327,-0.034765434,1.3882742,0.3935852,0.6064148,0.05
7110656,1077.3392195716904,1.0,96.772095,200.0,65.90519,-1.9999981,0.5130217,1.99,1.0326861,0.34629154,-0.09793089,0.009750483,-0.033395074,1.3882213,0.3944702,0.6055298,0.05
7143424,1080.3855197052374,1.0,96.86255,200.0,65.931305,-1.9999981,0.5097256,1.99,1.03397,0.34475535,-0.0999894,0.008766697,-0.034505256,1.3973495,0.39620972,0.6037903,0.05
7176192,1083.675726997487,1.0,96.80371,200.0,65.99847,-1.9999981,0.51114523,1.99,1.0344467,0.34663016,-0.09897428,0.009126341,-0.033642456,1.3979001,0.39630127,0.60369873,0.05
7208960,1053.2591993224144,1.0,96.96118,200.0,65.93876,-1.9999981,0.5113534,1.99,1.0345818,0.34589934,-0.099854544,0.009009395,-0.034545477,1.396275,0.39575195,0.60424805,0.05
7241728,1081.9133720071502,1.0,96.85278,200.0,66.003876,-1.9999981,0.51654345,1.99,1.0349685,0.34858522,-0.098695725,0.009198859,-0.03408675,1.3841679,0.3919983,0.6080017,0.05
7274496,1082.1667116654287,1.0,96.48413,200.0,65.71969,-1.9999981,0.52067554,1.99,1.0333124,0.34979528,-0.09910152,0.009239595,-0.034266405,1.3890982,0.39001465,0.60998535,0.05
7307264,1080.0986602823841,1.0,96.42883,200.0,65.672104,-1.9999981,0.52063924,1.99,1.0342913,0.34989247,-0.09994934,0.009046566,-0.035170626,1.3860397,0.38998413,0.61001587,0.05
7340032,1077.3112845289263,1.0,96.493164,200.0,65.732635,-1.9999981,0.51799667,1.99,1.0353938,0.348822,-0.099344656,0.009242709,-0.03441347,1.3910509,0.3909912,0.6090088,0.05
7372800,1055.8136301445936,1.0,96.440674,200.0,65.78458,-1.9999981,0.5164107,1.99,1.034499,0.34852046,-0.09933251,0.009262184,-0.034488253,1.3895068,0.39215088,0.6078491,0.05
7405568,1078.1695547027773,1.0,95.96448,200.0,65.50964,-1.9999981,0.5220754,1.99,1.032095,0.35025147,-0.09926744,0.009279896,-0.034581166,1.3865247,0.38986206,0.61013794,0.05
7438336,1084.6198407473328,1.0,96.07849,200.0,65.37805,-1.9999981,0.52626145,1.99,1.0322113,0.35117334,-0.09917788,0.009145622,-0.034325827,1.3884975,0.38739014,0.61260986,0.05
7471104,1058.6509450052913,1.0,95.68921,200.0,65.26897,-1.9999981,0.53211814,1.99,1.0313718,0.355595,-0.09932824,0.009837939,-0.03510693,1.3828055,0.3843994,0.6156006,0.05
7503872,1079.1666853242587,1.0,95.52173,200.0,65.30694,-1.9999981,0.53179616,1.99,1.0304366,0.35572448,-0.09913047,0.009363335,-0.034466688,1.3869087,0.3854065,0.6145935,0.05
7536640,1057.4263386579664,1.0,95.18579,200.0,65.17171,-1.9999981,0.53563803,1.99,1.0289052,0.35827744,-0.0996132,0.009529559,-0.035261024,1.382339,0.38467407,0.6153259,0.05
7569408,1080.3724665263371,1.0,95.46265,200.0,65.26869,-1.9999981,0.5340874,1.99,1.0303148,0.35782743,-0.09988828,0.008926932,-0.035167307,1.3836884,0.38549805,0.61450195,0.05
7602176,1082.7661980917724,1.0,95.40613,200.0,65.26704,-1.9999981,0.5371981,1.99,1.0302577,0.35923064,-0.100783974,0.008747456,-0.035591796,1.3913178,0.38223267,0.61776733,0.05
7634944,1054.9737503200006,1.0,95.36243,200.0,65.29224,-1.9999981,0.5349535,1.99,1.0290526,0.35835868,-0.09953689,0.009055169,-0.034844533,1.3843988,0.3838501,0.6161499,0.05
7667712,1081.1108784558448,1.0,95.07092,200.0,65.21942,-1.9999981,0.53378284,1.99,1.0276616,0.35732055,-0.10014468,0.009196028,-0.035698652,1.3808806,0.38415527,0.6158447,0.05
7700480,1058.3821848402786,1.0,94.82214,200.0,65.04727,-1.9999981,0.5395806,1.99,1.0244147,0.3602244,-0.0991482,0.009363758,-0.03501595,1.3762823,0.38232422,0.6176758,0.05
7733248,1084.3434841300736,1.0,94.89844,200.0,64.895485,-1.9999981,0.5405953,1.99,1.024218,0.3597508,-0.10030872,0.008985449,-0.035672463,1.3825796,0.38082886,0.61917114,0.05
7766016,1060.896800493364,1.0,94.5918,200.0,64.80913,-1.9999981,0.5439172,1.99,1.022462,0.3613674,-0.09952481,0.009129004,-0.03505552,1.3806756,0.37838745,0.62161255,0.05
7798784,1081.6570863417937,1.0,94.826904,200.0,64.88237,-1.9999981,0.54030293,1.99,1.0226961,0.35906962,-0.09946139,0.008804418,-0.034461774,1.3880361,0.38027954,0.61972046,0.05
7831552,1078.5521751272565,1.0,95.02234,200.0,64.87568,-1.9999981,0.5399337,1.99,1.0228765,0.35839993,-0.099894844,0.008941612,-0.035294384,1.3814253,0.37921143,0.6207886,0.05
7864320,1081.175190622691,1.0,95.24878,200.0,64.96573,-1.9999981,0.5379418,1.99,1.0243028,0.35721666,-0.10032532,0.008926181,-0.035767168,1.3804249,0.37948608,0.6205139,0.05
7897088,1078.5758577460617,1.0,95.661865,200.0,64.97917,-1.9999981,0.53448015,1.99,1.0245199,0.35516292,-0.10063033,0.008634521,-0.03560535,1.3868445,0.3817749,0.6182251,0.05
7929856,1059.233878232031,1.0,95.65393,200.0,64.883675,-1.9999981,0.53604114,1.99,1.0218663,0.35486603,-0.10098533,0.008820197,-0.035921354,1.3894814,0.38046265,0.61953735,0.05
7962624,1081.5253166710017,1.0,95.7926,200.0,64.734535,-1.9999981,0.53365743,1.99,1.0209353,0.3522212,-0.101231724,0.0084622735,-0.03610329,1.3871917,0.38128662,0.6187134,0.05
7995392,1057.5390126642415,1.0,95.59216,200.0,64.701805,-1.9999981,0.53433853,1.99,1.0196592,0.3521421,-0.10060344,0.0090542035,-0.035771005,1.3871909,0.38101196,0.61898804,0.05
8028160,1082.0433961910019,1.0,95.68506,200.0,64.69296,-1.9999981,0.53102255,1.99,1.0203556,0.3494926,-0.10110762,0.009035228,-0.036123928,1.3900261,0.38168335,0.61831665,0.05
8060928,1079.164219516488,1.0,95.90625,200.0,64.766266,-1.9999981,0.5323168,1.99,1.0221107,0.35007137,-0.10118283,0.009221346,-0.0367903,1.3800641,0.3805542,0.6194458,0.05
8093696,1057.0813709732952,1.0,95.64563,200.0,64.58897,-1.9999981,0.5340599,1.99,1.0196522,0.3508837,-0.100069776,0.010262261,-0.036123592,1.3815464,0.3795166,0.6204834,0.05
8126464,1087.3969987076302,1.0,95.65503,200.0,64.441376,-1.9999981,0.53733724,1.99,1.0186794,0.35158825,-0.101880535,0.00905989,-0.03713753,1.3854587,0.37683105,0.62316895,0.05
8159232,1058.5158345285627,1.0,95.64368,200.0,64.306175,-1.9999981,0.5398601,1.99,1.0174108,0.3523655,-0.10140112,0.008995387,-0.037108462,1.3758069,0.37557983,0.62442017,0.05
8192000,1079.303373096877,1.0,95.68005,200.0,64.308105,-1.9999981,0.54242027,1.99,1.0165708,0.35364667,-0.09986995,0.009294323,-0.03605623,1.3692176,0.3738098,0.6261902,0.05
8224768,1080.228299563956,1.0,95.62012,200.0,64.21694,-1.9999981,0.5407858,1.99,1.0156103,0.35231385,-0.10041955,0.009577065,-0.036448155,1.3751984,0.37649536,0.62350464,0.05
8257536,1060.025965836084,1.0,95.938965,200.0,64.11231,-1.9999981,0.54177994,1.99,1.0157268,0.35133874,-0.09890313,0.010409747,-0.035655536,1.369049,0.37423706,0.62576294,0.05
8290304,1080.846311244931,1.0,96.06067,200.0,64.04705,-1.9999981,0.54186237,1.99,1.015372,0.35084677,-0.10126472,0.009225282,-0.036649793,1.3845515,0.3735962,0.6264038,0.05
8323072,1056.723522823203,1.0,96.43152,200.0,64.24191,-1.9999981,0.5377315,1.99,1.0187687,0.34852558,-0.101396255,0.008688352,-0.03647277,1.3853531,0.3743286,0.6256714,0.05
8355840,1080.0447202899804,1.0,96.88489,200.0,64.32563,-1.9999981,0.5334941,1.99,1.0198909,0.34428772,-0.100258626,0.00854028,-0.035477616,1.381023,0.3751526,0.6248474,0.05
8388608,1083.8784671195149,1.0,96.83862,200.0,64.29802,-1.9999981,0.53581655,1.99,1.0198683,0.34582478,-0.10085211,0.00929977,-0.036252525,1.3849896,0.37390137,0.62609863,0.05
8421376,1056.512052120018,1.0,96.63269,200.0,64.22475,-1.9999981,0.5399703,1.99,1.0210196,0.34819037,-0.09847466,0.010009485,-0.03456478,1.3782922,0.37130737,0.6286926,0.05
8454144,1080.396390517846,1.0,96.970825,200.0,64.234055,-1.9999981,0.5391769,1.99,1.0216135,0.34723642,-0.10166231,0.009242361,-0.037540495,1.3748598,0.3725586,0.6274414,0.05
8486912,1052.5126600914655,1.0,96.97778,200.0,64.21347,-1.9999981,0.5369234,1.99,1.0237083,0.34649292,-0.10006101,0.008773176,-0.034846984,1.3920121,0.37243652,0.6275635,0.05
8519680,1081.099091839957,1.0,97.184204,200.0,64.30988,-1.9999981,0.53430295,1.99,1.024054,0.34508154,-0.10040171,0.009129196,-0.035349485,1.3923365,0.3729248,0.6270752,0.05
8552448,1061.1519196927948,1.0,96.92944,200.0,64.199005,-1.9999981,0.5346426,1.99,1.0229684,0.3446536,-0.10052367,0.009800859,-0.03653777,1.3777266,0.37283325,0.62716675,0.05
8585216,1077.6107412201675,1.0,97.01599,200.0,64.17499,-1.9999981,0.53446674,1.99,1.0236136,0.3447111,-0.1010255,0.008370998,-0.035802312,1.3881737,0.3725586,0.6274414,0.05
8617984,1077.1732435213971,1.0,96.77954,200.0,64.06019,-1.9999981,0.5376778,1.99,1.0226283,0.3458764,-0.10138106,0.008855089,-0.03662241,1.3837241,0.3706665,0.6293335,0.05
8650752,1080.7975660417046,1.0,96.4176,200.0,64.09845,-1.9999981,0.5393749,1.99,1.0217384,0.34768614,-0.1005178,0.009307345,-0.03587056,1.3860183,0.37042236,0.62957764,0.05
8683520,1082.30473154882,1.0,96.44971,200.0,64.25005,-1.9999981,0.53976,1.99,1.0231915,0.34744114,-0.10054566,0.0094385855,-0.03613955,1.3825083,0.36999512,0.6300049,0.05
8716288,1054.4148366380675,1.0,96.500244,200.0,64.298195,-1.9999981,0.53730214,1.99,1.0242307,0.34638202,-0.10017366,0.008948317,-0.035438966,1.3841767,0.37173462,0.6282654,0.05
8749056,1073.964805942834,1.0,96.20361,200.0,64.28229,-1.9999981,0.5421462,1.99,1.0249641,0.34868705,-0.09962148,0.009009479,-0.034671966,1.3890848,0.3677063,0.6322937,0.05
8781824,1058.43033918176,1.0,95.9668,200.0,64.21184,-1.9999981,0.54468894,1.99,1.0253727,0.3509998,-0.10157274,0.009169637,-0.036951065,1.3841299,0.36712646,0.63287354,0.05
8814592,1081.3397053764315,1.0,95.89136,200.0,64.2132,-1.9999981,0.5473421,1.99,1.0224979,0.35227957,-0.10108361,0.009049825,-0.036890913,1.3743516,0.36663818,0.6333618,0.05
8847360,1079.8003560272814,1.0,95.77356,200.0,64.2201,-1.9999981,0.5485384,1.99,1.0210135,0.353262,-0.1004271,0.0094742235,-0.036369175,1.3759006,0.36730957,0.6326904,0.05
8880128,1055.5129423161086,1.0,95.6084,200.0,64.2459,-1.9999981,0.54877096,1.99,1.0231512,0.3537007,-0.099821076,0.009446801,-0.03583108,1.3742676,0.368042,0.631958,0.05
8912896,1076.233514788594,1.0,95.705444,200.0,64.36194,-1.9999981,0.54607385,1.99,1.0254476,0.35315037,-0.10119039,0.008940166,-0.03614695,1.3902707,0.37039185,0.62960815,0.05
8945664,1053.8822931650343,1.0,95.675415,200.0,64.447464,-1.9999981,0.54514086,1.99,1.027438,0.3536441,-0.10165399,0.008951676,-0.036886305,1.38487,0.37060547,0.62939453,0.05
8978432,1078.8177796489429,1.0,95.6615,200.0,64.307335,-1.9999981,0.546516,1.99,1.0294882,0.35350373,-0.09995439,0.009710014,-0.03592431,1.3777021,0.36950684,0.63049316,0.05
9011200,1078.4927954068914,1.0,95.56824,200.0,64.34742,-1.9999981,0.5485827,1.99,1.0287207,0.3547278,-0.09994777,0.009402121,-0.035775572,1.3774652,0.3684082,0.6315918,0.05
9043968,1078.72296211795,1.0,95.213135,200.0,64.325,-1.9999981,0.55073565,1.99,1.0265493,0.35786226,-0.10109084,0.009694904,-0.037028484,1.378196,0.36975098,0.630249,0.05
9076736,1082.4617468227136,1.0,95.216675,200.0,64.16036,-1.9999981,0.55362356,1.99,1.0265452,0.35907692,-0.10073309,0.008739493,-0.035993718,1.3821824,0.3695984,0.6304016,0.05
9109504,1059.344651542865,1.0,94.78418,200.0,64.09956,-1.9999981,0.56005085,1.99,1.0238563,0.3633849,-0.100565225,0.00886295,-0.036233716,1.3752598,0.36642456,0.63357544,0.05
9142272,1075.9587613744616,1.0,94.4624,200.0,63.99803,-1.9999981,0.56327194,1.99,1.0224142,0.3658702,-0.10024516,0.009409422,-0.036030862,1.3783798,0.36593628,0.6340637,0.05
9175040,1056.2873359529622,1.0,94.1062,200.0,63.811012,-1.9999981,0.5670763,1.99,1.0198392,0.367523,-0.09976424,0.009900172,-0.03648696,1.3645473,0.36514282,0.6348572,0.05
9207808,1079.1097458335655,1.0,94.21802,200.0,63.75668,-1.9999981,0.5670198,1.99,1.0189314,0.36716136,-0.10084707,0.00863441,-0.036222406,1.3788372,0.36523438,0.6347656,0.05
9240576,1080.0209137143945,1.0,93.8584,200.0,63.6538,-1.9999981,0.57246995,1.99,1.0182613,0.37083143,-0.10042927,0.009950935,-0.036530893,1.3774768,0.3626709,0.6373291,0.05
9273344,1078.296734739792,1.0,93.50098,200.0,63.7205,-1.9999981,0.5768285,1.99,1.0182918,0.3748705,-0.10086367,0.009354813,-0.036340073,1.3840199,0.36157227,0.63842773,0.05
9306112,1078.9769696798412,1.0,93.1499,200.0,63.61948,-1.9999981,0.5779418,1.99,1.0174859,0.3760792,-0.10105171,0.009174839,-0.036394022,1.3849021,0.3612671,0.6387329,0.05
9338880,1059.3757045578452,1.0,92.94507,200.0,63.510925,-1.9999981,0.5809105,1.99,1.0172935,0.37760627,-0.10026039,0.009036133,-0.035736486,1.3808396,0.35964966,0.64035034,0.05
9371648,1080.7853018119083,1.0,92.811646,200.0,63.457657,-1.9999981,0.5850737,1.99,1.0170671,0.3807431,-0.1009671,0.009134559,-0.03647159,1.3812555,0.3586731,0.6413269,0.05
9404416,1053.626222638129,1.0,92.516846,200.0,63.268673,-1.9999981,0.588405,1.99,1.0163989,0.3820033,-0.09989361,0.010219773,-0.036810983,1.3638501,0.35708618,0.6429138,0.05
9437184,1076.0266404741749,1.0,91.975464,200.0,63.040882,-1.9999981,0.59387743,1.99,1.0127162,0.38552856,-0.10010073,0.009822088,-0.03675095,1.3652164,0.35549927,0.64450073,0.05
9469952,1084.0879614404391,1.0,91.546875,200.0,63.036777,-1.9999981,0.5990355,1.99,1.0120908,0.39012212,-0.100332044,0.00964833,-0.036230624,1.3785117,0.3527832,0.6472168,0.05
9502720,1058.7077602467768,1.0,91.20923,200.0,62.985523,-1.9999981,0.60245836,1.99,1.0119365,0.39341444,-0.100954086,0.010085806,-0.037093088,1.3780779,0.35263062,0.6473694,0.05
9535488,1078.6751193770226,1.0,91.27466,200.0,62.974907,-1.9999981,0.60461956,1.99,1.0112386,0.39512423,-0.101606205,0.008815877,-0.03690654,1.382152,0.3518982,0.6481018,0.05
9568256,1048.65437385747,1.0,91.07214,200.0,62.767025,-1.9999981,0.6031792,1.99,1.0114099,0.39456764,-0.1000143,0.009069937,-0.035811637,1.3747525,0.35354614,0.64645386,0.05
9601024,1078.5642956228187,1.0,91.13745,200.0,62.74746,-1.9999981,0.6016374,1.99,1.0121334,0.39389664,-0.10143761,0.009189835,-0.036777418,1.3851024,0.35360718,0.6463928,0.05
9633792,1056.5655433748327,1.0,90.96765,200.0,62.60063,-1.9999981,0.6060915,1.99,1.0095296,0.39555413,-0.101543754,0.009560608,-0.037846565,1.36955,0.35092163,0.64907837,0.05
9666560,1075.9912846547536,1.0,90.8009,200.0,62.601704,-1.9999981,0.6073534,1.99,1.0087959,0.3968454,-0.10075949,0.009541488,-0.036057074,1.3894634,0.35095215,0.64904785,0.05
9699328,1076.5151203864261,1.0,90.85083,200.0,62.69524,-1.9999981,0.6063918,1.99,1.0075293,0.3956237,-0.1005927,0.009561452,-0.03639418,1.3795848,0.35095215,0.64904785,0.05
9732096,1075.73596955356,1.0,90.84631,200.0,62.616394,-1.9999981,0.6085518,1.99,1.0064178,0.397031,-0.10091711,0.009580279,-0.037306234,1.3680203,0.35076904,0.64923096,0.05
9764864,1076.890913841591,1.0,90.927,200.0,62.617382,-1.9999981,0.607252,1.99,1.0071558,0.39662734,-0.101315975,0.008972909,-0.036721762,1.3816131,0.35073853,0.6492615,0.05
9797632,1052.2776373917823,1.0,91.322876,200.0,62.72006,-1.9999981,0.60053945,1.99,1.010462,0.39206666,-0.10133759,0.009001577,-0.036474433,1.3872789,0.3524475,0.6475525,0.05
9830400,1074.060475926354,1.0,90.90808,200.0,62.7125,-1.9999981,0.60049886,1.99,1.0079304,0.39305562,-0.101771206,0.009198242,-0.037317816,1.3810503,0.35324097,0.64675903,0.05
9863168,1072.0918327907477,1.0,90.62634,200.0,62.735786,-1.9999981,0.60062766,1.99,1.0078537,0.39396107,-0.10168215,0.009564044,-0.037371743,1.3818483,0.35391235,0.64608765,0.05
9895936,1079.9531152826119,1.0,90.529785,200.0,62.743385,-1.9999981,0.5995708,1.99,1.0074263,0.39333484,-0.10186806,0.009110973,-0.037480805,1.3788552,0.35446167,0.64553833,0.05
9928704,1077.8744789612813,1.0,90.41235,200.0,62.824425,-1.9999981,0.60099566,1.99,1.0074493,0.39495695,-0.10162952,0.009092122,-0.03749778,1.373556,0.3540039,0.6459961,0.05
9961472,1077.1464482972822,1.0,90.06311,200.0,62.723446,-1.9999981,0.6048671,1.99,1.0052347,0.39745897,-0.10169688,0.010232259,-0.038860314,1.3590536,0.3539734,0.6460266,0.05
9994240,1076.7861086389091,1.0,90.02466,200.0,62.691433,-1.9999981,0.6049739,1.99,1.0035956,0.39722836,-0.101828456,0.009521695,-0.037996113,1.3718637,0.3531494,0.6468506,0.05
